x1,x2,x3,x4,x5,x6,y
-0.841221981,-0.819339637,-0.239166708,-0.28902528,0.84956981,1,3.743723185
-0.936926881,-0.134860364,-1,-1,-1,-1,2.355551553
-0.434752448,0.494929409,-0.104400828,-0.141613359,1,-0.652774925,1.400419679
0.461627877,-0.132621237,1,0.04936914,0.655523888,-0.789236976,-0.3678407
-1,-1,-0.506478576,0.332500943,1,0.507846258,0.576652343
0.895508412,1,0.252128319,0.574583089,0.594727479,-0.444147814,-0.419678187
0.999709494,0.934999156,-0.597522546,-0.738238553,-0.763704761,-0.038448174,6.938426945
-0.651240205,0.729027515,-0.152524681,-0.973562593,-1,-0.509744068,0.474631187
-0.59293507,-1,-1,-0.51037948,-0.66678505,0.535524542,-3.354141174
-0.452287416,-0.142347991,-0.273679352,-0.146425982,-0.367192468,0.384996214,-0.372151093
-0.580721569,-0.599669892,-1,-0.924941671,0.075626398,0.498409028,-1.596321946
-1,0.079304643,-0.819792303,-1,1,1,8.193755762
0.257864762,1,0.847374212,0.967196288,-0.129656616,-1,0.657688521
-1,-0.536741601,-0.993308804,-0.445656387,-0.386899783,-0.887865384,3.510268366
0.509831252,-1,0.485159306,-0.925979064,0.011439157,-0.784181782,6.754326353
-1,-0.491813547,-1,-0.627362395,-1,0.331428906,-2.795687451
0.393337366,-0.496245406,0.288822828,0.010875463,-0.216759304,-0.716653419,2.91937322
0.628632255,1,0.508356796,0.393699164,0.973227726,1,0.906375607
0.166028151,0.193476517,-0.323249793,-0.753374574,1,1,6.019053877
-0.397773151,-1,1,-1,0.45442444,1,-4.798347179
1,-1,-0.940194593,0.464972997,0.515280835,0.133481913,-3.328480822
-1,-0.72377193,-1,-0.98940986,-0.605698293,-0.340115942,-2.58239808
0.024582921,-0.131965274,0.688826003,-0.336243155,0.396674371,1,-0.092412396
-0.312218674,-1,-0.963748484,-1,-0.878435604,-1,4.737218158
-0.061980223,-0.414019032,-0.027204764,0.326668574,0.295822978,0.136631718,-0.545264356
-0.73886167,0.446854533,-0.0045725,-1,-0.048880341,-0.082802181,-0.050818919
0.999105223,-0.181757094,-0.109441626,0.965935841,0.819249185,0.368493952,-2.575519181
0.79729035,-0.755446241,0.412253074,0.567516521,-0.082422128,-0.59668344,3.281576673
-0.348565995,-0.429278416,-0.334551365,-0.670932667,0.492212294,0.033379243,0.442611045
-1,-0.239058526,-1,0.208565279,-0.280465425,0.980431199,5.624677815
0.563266315,-0.417846913,1,0.591075275,1,1,-3.574844895
0.083982302,1,-1,1,-1,-1,7.264823815
0.423839192,-0.660382451,-1,-0.318583715,-0.57542054,-1,3.935390298
0.185932501,0.820475537,0.774863126,1,1,0.162186413,-2.835937688
1,1,1,0.438393624,-1,0.306177651,1.829663862
0.292711764,0.957105908,1,0.964605964,-0.302663892,-1,1.188360064
-0.646310938,0.75402785,1,0.85813555,0.877439365,0.318868854,-4.427898585
-0.061015288,0.406710797,-0.379478699,-1,-1,-0.91829231,1.071110635
0.700617409,-0.052984886,-0.313272572,-1,0.485982871,1,1.795191304
-1,-1,-0.352279497,-0.125313598,-1,-0.834690841,0.435649553
0.748701216,-0.578837266,-0.548531047,1,0.233101035,-0.270898153,-0.436704922
0.578843935,0.607191954,1,1,0.57629907,1,-5.470156308
1,0.635391141,0.784383819,1,-0.499777575,-1,8.490243179
-1,-0.334561665,-0.607756263,-1,0.237508848,-0.359526937,-0.143982406
0.731210525,0.264937339,0.809386557,0.444267917,0.778840628,1,-1.949694428
-1,0.406844637,0.518053502,-1,-0.775670002,-1,-1.531049966
-1,-1,-0.370091099,-0.438023745,-0.175132296,0.589476984,-2.798938187
-1,-0.551965389,-1,-0.502719238,-0.063759307,-0.750994933,2.48920045
1,1,0.816717394,0.348697498,-0.811168334,-1,5.375058409
-1,-1,-1,-1,0.038758046,0.107845269,-7.128640905
-0.626690159,-0.970456814,-0.496679728,-0.047162102,-0.673788873,-0.53075477,-0.822570132
-0.107668856,-0.285796357,0.603076053,-0.73552394,-0.996321798,-1,2.594457961
-0.778504339,-0.625150805,0.39852079,-1,1,0.958367958,3.042813646
0.049283383,0.073587398,-0.727413627,-1,0.280155946,1,4.570372319
0.049255819,0.037625973,1,0.982687995,0.376462491,1,-2.188311508
-1,-1,-0.091529101,-0.39841152,-0.031979293,0.006196837,0.77617826
1,0.638143815,1,1,1,1,-8.631977428
0.092018517,0.581806845,-1,0.398616948,0.017132432,0.4371827,1.27658918
1,-0.495399014,0.34760627,-0.487234002,0.989512702,1,-2.383772193
1,0.533409805,-1,0.711355877,0.989868285,1,0.101954976
-0.400518909,1,0.206503397,-0.019314362,0.067993206,1,3.276225854
1,0.858058635,0.21736449,1,1,-0.742887367,-0.448551352
1,-0.171297647,0.18657332,0.114646397,-0.08410058,-0.815505957,3.850165281
-0.876724873,0.36419495,-0.183121314,-1,-0.468104369,-0.179470021,-0.545722265
-0.378305758,-1,-1,-1,-1,-1,4.992669787
-0.631867439,0.464961364,0.126287974,0.626414116,-0.865258081,-0.86237467,-0.051251472
0.737296562,-0.492795245,0.826434711,-0.579014939,-0.467331385,-0.232376821,3.642344735
0.2874487,0.219974548,0.828837648,1,0.723876118,-0.359408599,-1.241466515
0.135127254,0.76730697,-1,-0.826999829,0.696400255,-0.356490171,-0.393965533
-0.051081627,-1,-1,-1,-0.613238561,0.906058584,1.93536951
0.034219332,-0.071448525,0.067591425,0.656721382,1,-0.303470694,1.191969205
-0.280578178,0.634966622,0.09806022,-0.644462809,1,0.603111935,3.400269703
-1,-1,-0.658193235,-0.023110873,0.601229343,-0.759720169,1.708866063
-0.037417018,-0.01221566,1,0.975788909,0.705648185,1,-0.671671284
-0.014339893,0.629841671,0.496402861,1,-0.229441563,1,-0.779781163
0.467233481,-0.405184098,-1,-0.038549275,1,0.07711872,-2.652051825
0.592577981,0.036368497,0.914683413,0.245851153,0.768208478,-0.548026577,-0.804243469
0.087576019,0.51387679,-0.326466007,0.029343542,0.013552883,-0.373150725,-0.551649771
0.677868806,-1,0.62399939,0.375917818,0.245237722,0.542016621,0.408379256
-1,-1,-1,-0.570687485,-0.413944664,0.665574829,-3.574437676
-0.202526041,-0.315495583,0.566095486,-0.692773603,-0.015240966,-0.143496212,0.12242513
-1,-0.536287353,-1,-0.056021612,1,0.766128842,2.277646213
1,1,0.026460132,0.639874455,0.260380981,0.879217902,0.882593851
0.108371906,1,1,0.474442801,-0.394784057,-1,-0.842840122
-1,-0.856661385,-0.478133707,-0.015413057,1,1,5.46767848
-0.143574999,-1,-0.327088482,0.731187461,0.118080847,1,3.879484097
0.64461576,1,0.528510777,0.931075304,0.728792433,1,-1.717277056
-0.458941826,-0.286158696,-1,-0.61861601,-1,0.062644599,-2.034097365
0.052234897,-0.635029149,-0.827930871,-1,-0.410944301,-1,3.676225012
1,0.129125666,0.039694576,1,1,0.729799517,-1.098493774
-1,-0.132967398,0.075364063,0.566257924,0.481263818,0.897936038,2.598200535
-0.50072173,-1,-1,-0.779990599,0.508562381,1,-0.065297729
-0.962000422,-0.273758027,-0.577925732,-0.271392365,-0.750035977,-1,0.555391798
-0.376395817,-0.51333487,-1,-0.106247574,0.851975266,1,6.939936828
-0.435796557,-0.61281975,-0.24458392,-0.72119871,0.236482212,-0.242536894,0.284094222
-0.178774467,-1,-0.340947852,-1,0.335272652,-0.499796071,0.446370566
-1,-0.887949986,-0.360285741,-1,-1,-0.369744355,2.341900401
-0.953429211,-0.700327331,0.143988698,-0.335881492,1,0.245457563,2.159314051
-1,-0.038500014,-0.566712922,-0.383009922,0.335306199,-0.731057889,1.885009716
1,1,0.454805687,-0.309077235,1,0.547689658,-1.516656699
-1,-0.622219757,-0.970993044,-0.906240239,-1,0.187075813,-2.011757947
-0.786934821,-0.578360195,-0.890671044,-1,-0.621891012,-1,3.478246159
-0.067156452,-1,1,0.478230876,-0.755681669,-1,4.234285941
1,0.546862735,-0.390323666,0.717820025,0.914847856,1,1.12692815
0.007901707,0.331293009,-0.560687405,0.058260071,0.25921886,0.071656144,-0.482269413
1,-0.14538549,-0.159717293,0.621751465,-0.22667273,1,3.160553747
0.444841078,0.407016052,-0.230713386,0.772598983,-0.382138444,-0.983521929,4.983593025
0.537825418,0.986621543,-0.60483402,-0.655977302,-0.19428337,0.156529507,2.612998011
0.729489864,0.197090941,0.244169135,0.51776877,-0.394743621,-0.096501039,1.030205647
0.180502084,0.638136141,0.667094244,1,0.099345147,-0.1327632,-1.10362014
1,0.892717617,-0.187931291,0.370540448,-0.814355382,-0.442014534,3.550554374
1,0.972966366,0.19727757,0.968387151,0.623051132,-0.65911437,1.600164473
-0.089532192,-1,0.046953798,0.573466991,-1,-0.026105832,1.365955834
-1,-0.987479344,-1,-0.690200336,-0.161306592,0.173849494,-5.01466378
-1,0.258524192,-0.463404631,-1,-0.342653038,-0.932701532,0.222274709
0.292185674,0.375294394,-1,-1,-1,-0.047058056,0.847943358
0.322805549,1,0.145888529,0.627732084,-1,-0.834871625,2.766741062
-0.20071712,-0.773375628,0.22007811,-0.32962641,-1,1,2.746343466
0.642090979,0.562902247,0.549483049,0.46733917,-0.34265953,-0.044449808,0.544961818
0.702693747,0.229162877,-0.214932277,0.501031292,-0.707835193,-1,4.431366765
1,0.691631488,-0.186967425,-0.94379792,-0.992632407,-1,7.747529169
-1,-0.641605635,0.597675899,-1,-0.674475943,-0.322872847,1.019350308
-1,-0.682710364,-0.609634305,-0.55237966,-0.578660668,1,0.950853786
-0.240970562,-1,-0.941946622,-0.880753088,-0.278476472,-0.668379195,-0.162544963
0.33155348,0.373741962,0.07237855,1,-0.512529053,-1,4.458919275
0.207013528,-0.318494143,0.173881695,-1,0.362932709,0.75174803,1.026386656
-0.057605347,-0.061882605,-0.381541155,-1,0.937888703,1,5.95531661
-1,-0.399016912,-1,-1,0.307704654,0.214894307,-2.561222523
0.789477198,1,-0.532107164,0.142551188,-1,-0.420362545,3.288829775
0.11349562,0.804342399,0.632841693,-0.182733997,0.959567507,-0.983204262,-0.412338089
0.11092008,1,0.544607515,0.933107215,-1,-0.168018929,1.895665658
0.011477253,-0.366541466,0.055313345,-0.227036945,-0.555038769,-0.761611545,2.333774781
0.029679729,-0.02231766,0.117656419,-0.984241559,-1,1,6.413388268
-0.826819042,-1,0.175262176,0.821828897,-0.241866738,-1,1.969893548
0.351376573,0.9113638,0.60015803,-0.010721836,-0.395681002,-0.382486933,-0.861222543
0.513445526,0.020620148,0.801864581,-1,-0.019455989,-0.955776991,2.505069822
0.172484651,-1,-0.83026622,-0.968839176,1,1,-1.847043848
-1,-0.570291511,1,-1,1,0.392946276,-2.510240879
1,1,-0.844345721,1,0.717118246,0.222273444,-1.849403421
0.843556581,1,0.897641444,-0.156980186,0.739786514,-0.920283087,-2.421817285
-1,-1,0.078092012,-0.043807347,1,1,4.104899101
0.585892176,1,0.971423148,1,-0.790283261,0.091162924,-0.093477493
-0.107155261,0.989659114,-0.254748148,1,-0.808278169,-0.012267933,1.496046066
-1,-1,-1,-0.33799098,0.111355988,-0.073307598,-4.714370401
0.659843878,0.803553037,0.348988874,0.51983767,0.025841706,0.395678888,-0.590315415
-1,-0.179724618,-0.832507723,-0.299628469,-0.369707335,-1,4.367374719
0.004328278,1,1,0.632765326,-0.673070388,0.184583332,-3.175317228
-0.375481851,-0.753335369,-1,-0.787820518,0.068040571,-1,4.430512965
-0.943172556,-0.482772881,-0.460467284,1,1,0.363259584,2.831321452
-1,-1,-1,-0.586403614,-1,-0.400779258,-2.627187055
0.140758755,-1.78E-06,0.385784909,0.416009056,0.090585308,1,1.590058328
0.988207506,0.302996066,0.049484018,1,1,-0.578685231,-0.90382175
1,0.229810033,0.951969963,1,-0.180136415,-0.722512639,3.500773827
-1,-0.907266922,0.037446061,-1,-0.423176439,-0.593628722,2.332618123
-0.540174034,-0.438522408,-0.608125866,-0.228665943,1,0.221609932,-0.253392206
0.301109603,-0.327206772,-1,-0.925303442,-0.095949113,-0.136858714,-0.441752425
-1,-1,-0.671515512,-1,0.389320657,0.484595964,-4.9067589
1,1,1,0.640079434,-1,-0.338829972,4.321535927
-0.086687824,0.218219249,-0.045798791,-0.091512613,0.53332235,-0.808909187,0.830040475
0.34070766,1,1,-0.270340903,0.782352259,1,-1.522056996
-1,-0.830720711,-0.36772282,-0.180752548,1,0.447521718,1.804794457
1,1,1,1,-0.229435933,0.25822257,-1.175485922
-0.018850307,-0.670785155,-0.512288751,-0.796248838,-1,-0.001477048,2.135273212
-0.893235864,-0.070455483,-0.18111245,-0.468146389,0.672267468,-0.87035201,5.331357538
-0.670449697,-0.370103722,1,0.928584094,1,1,-0.152541909
-1,-1,-0.804333377,-1,-0.147225646,-1,3.168914079
0.065449185,-0.195359006,-1,-0.024634199,0.733298731,0.316856705,0.041354084
0.480816361,1,0.308272855,1,-1,-0.891391301,6.603100705
-0.151217134,-1,-0.408318163,-1,0.707879801,0.731204289,-1.330938942
0.046001954,-0.403669092,-0.680530101,-0.583270226,0.845662769,0.360343153,0.346145678
-1,-1,-0.007213994,-0.919736987,-0.736951829,-0.685445695,2.349359972
-0.765644259,-0.693770496,-1,-0.600385744,0.999795835,0.080540568,-3.265778725
-0.152954127,-0.630323302,0.580323553,-0.398232492,0.704408986,-0.113489978,1.794088665
-1,-0.90643989,-1,-1,-1,-0.565711384,0.374031949
-0.778739607,-0.846169188,-1,-1,0.502807058,0.45461942,-3.98207315
-0.640394865,-0.197057543,-0.687046772,-0.430856726,0.755747057,-1,4.852069744
1,0.60489944,0.790671237,0.624821979,-0.768791375,-0.407285772,3.781643909
-0.70145681,0.15474346,0.389344886,0.693147932,-0.260958483,-0.663259287,0.78834363
0.205702242,-0.895445011,-1,-0.800928033,0.724294844,1,-0.128550494
0.083307246,1,0.726529531,0.987617747,1,-0.257912038,-4.049338256
1,1,0.529399677,1,0.682644869,0.627788993,-4.805188837
-0.324443502,0.622413802,1,1,1,0.822573254,-2.991401193
-0.023657811,-1,0.905826562,-1,-1,-0.860291957,10.17453286
-0.226691919,-0.531286227,0.436768384,0.014819236,-0.2426698,-1,3.572256545
0.424873898,0.31413201,0.421345284,0.266943667,0.277021335,-0.374954436,0.06418667
1,-0.668129418,0.41979955,1,0.37523346,0.946745434,0.852899049
0.069827125,-0.243734653,-0.030514689,0.021001694,-1,0.174267147,0.515553986
0.096103618,0.527689402,0.531320184,0.062393963,0.601783953,0.653117599,0.480677473
0.499587733,1,1,0.350295714,-1,0.55783407,-1.357101343
0.234425107,0.773923845,1,1,-0.54926586,-0.327751636,-1.390864962
1,0.408325504,0.711738088,0.518343335,-0.448250629,-0.69945955,5.708816839
1,1,0.327558819,1,0.074465573,-0.369965076,0.753678958
0.474160965,0.645626817,0.942465443,1,-0.5347569,-1,4.29932346
1,1,1,1,0.354462236,-0.093861623,-4.285797082
0.944483807,0.35886589,-0.081756293,-0.361390478,1,1,1.377897165
0.542477583,0.871401797,0.986250606,-0.996916449,0.67662386,0.742312515,-1.220763495
0.578928681,0.097462333,0.668479665,0.936808972,-0.184625306,-0.619997366,1.941331799
-0.048192962,1,1,0.519835583,-0.435161532,-0.9442855,-0.67147167
1,1,0.088189689,1,-0.084359268,0.957615277,3.123937553
-0.495387851,-0.148795438,-0.197419995,-0.386213581,0.035610783,-1,2.478727159
1,1,0.424253833,0.500329303,-1,0.266471048,3.096328826
0.940805922,1,0.598210449,0.095417787,0.447497457,-0.31865565,-1.828548313
1,1,1,1,0.824575094,-0.520278714,-5.13513717
-0.083055023,0.555022691,-0.270084991,-0.65190066,-1,0.992283189,6.577120704
-0.982910757,-1,-1,-0.971229444,-0.851953365,-1,3.869671687
0.152384798,0.869670571,0.955674298,-0.456358257,0.445945903,-1,-1.281266529
-0.309867986,-0.537203138,-0.735290661,-0.839967683,0.530483043,-0.090199421,-0.256079674
-1,-1,-1,-0.102480269,-0.168358427,0.085920957,-6.019057228
0.138329649,1,-0.394787763,0.8267044,0.43220823,0.344000376,0.929636664
-0.051878611,0.015969386,0.043478281,0.216326779,0.252817807,1,3.396331229
1,-0.703531714,0.321231502,-0.351565302,0.015723124,-0.348147912,1.869538569
0.018834818,-0.15825589,-0.893133652,1,0.709693102,0.221878092,-0.008804929
0.819812336,1,1,0.726994173,0.062986791,0.449294853,-3.765349967
1,0.037139776,1,1,0.208113824,-0.393501499,-0.763159868
-1,-0.379874343,-0.079931723,0.076442643,-1,-0.504573929,-1.482681414
-0.601354961,-0.420400294,6.88E-05,-0.174861838,-1,-0.855659782,0.150364916
0.582407531,1,-0.575725628,-0.194900653,0.041270032,-1,2.728099775
-0.779706734,-0.775056469,-0.915825254,-1,-1,-1,4.21391573
-0.151632928,-0.394109161,0.991907292,-0.003160581,-1,0.406541485,-1.945416775
-0.299567061,-1,0.704446852,-1,0.211086295,0.837890708,-1.952303311
0.409728525,1,-0.62352911,1,0.853839401,0.797567553,1.261996932
-0.15021745,-0.517582512,0.023245314,0.812193002,-0.675089155,-1,1.824504218
0.430741038,0.793845254,-0.616105834,-0.359309203,-1,-0.833492318,2.035774426
-1,-1,0.145233518,0.387875356,-0.289511174,-1,2.076848743
1,0.506363726,0.423958179,1,0.198136342,-0.241215599,-0.137415829
1,1,1,1,0.31947467,1,-6.684519817
0.658957189,1,1,1,0.385505219,0.564683945,-5.852431671
-0.254331689,-1,-0.319527354,-1,0.758690896,1,0.046987995
-0.257478451,-0.666080469,-0.123970228,-0.196302996,0.327041797,-0.505347308,1.558186886
-1,-0.138856426,-0.325483699,-1,-1,-0.970911432,0.703401479
0.358332017,0.641338232,1,-0.481118681,-0.882075847,-1,0.231233458
1,0.501834618,-0.755594863,-0.685006127,-0.707910463,-1,3.883729276
-0.145896031,-1,-1,-1,-0.694865813,0.583647669,0.570365253
-0.637206148,-1,0.389339992,-1,1,1,2.314123018
0.363062896,0.505895868,-0.879055506,-1,1,0.105249323,0.730455247
-0.449444787,-0.663005568,-0.488029289,-0.484625186,1,-0.10734344,1.648724275
-1,-1,-0.982264651,-1,-0.515202955,0.191615277,-5.072682887
-1,-0.396370134,1,-0.566060647,-0.372155518,-1,2.793541836
0.262269424,0.490687032,1,-0.533911567,-0.82453138,-1,-0.071789093
-1,-0.536616166,0.23028967,-0.696110042,-0.914944598,-0.820743429,0.347737063
0.216486672,1,0.259486287,0.668898996,0.48539107,-1,1.505008041
-0.317294284,-0.035707787,-0.84318479,0.399920604,-0.532730678,-0.745255766,-0.052974199
0.250361079,0.06417609,-0.686285151,-0.989815492,-1,-1,2.367244261
-1,-1,-0.885497576,-1,0.205864154,-1,3.064221459
-0.72645118,-0.615477313,0.21673595,1,0.566750715,0.402204575,0.399637538
-0.129466265,0.178099544,1,1,-0.029594304,0.800755442,-2.823681671
0.992960975,1,1,1,-0.661795512,1,0.141350733
-0.183097263,-1,1,0.386414776,-0.787293563,-0.901977588,3.857621598
-1,0.560396113,-1,-0.195570298,0.540686761,0.92279429,8.041782225
-0.32861373,-0.585534789,-0.586296181,0.094416248,-0.181737057,-1,2.864918915
0.804823542,0.915904981,0.924624987,0.053541859,-0.810291466,0.892517733,0.452147338
-0.606442976,-0.92649822,-0.904626209,-1,-1,-1,5.287849719
0.677924787,0.184873649,1,1,-1,1,1.100695511
0.295366752,0.760595927,-1,-0.652014583,1,0.486642342,3.523653237
0.757657091,0.363668655,0.933247132,1,0.092602365,0.618910067,-2.736108073
-0.303188998,-0.210021585,0.407051142,-0.853487439,0.934322944,-1,5.6416569
0.323326704,-0.732862483,0.34289888,0.240032406,1,1,2.635463952
-0.617828385,0.168036483,-0.130793535,-0.406966487,-1,-0.909051646,-1.619879103
0.868674959,0.56980112,0.163122768,1,0.557294247,0.742331929,-0.305886867
-0.109074696,0.762335639,0.585830951,0.386125245,-0.26828791,-1,0.811827207
-0.078839579,-1,-0.506650085,0.80530726,0.156378376,-0.627554938,-0.837476768
-0.306264717,0.039245005,0.162111385,-0.266348528,-0.28088171,-0.154368753,0.200129966
0.396891918,1,0.26298508,1,-1,0.265684001,2.683262228
-0.346865343,-1,-1,-0.981672319,1,0.287025299,-5.460951024
-0.532014143,-1,0.15242093,-0.115084967,-0.194951856,1,0.545847824
-0.387821916,-1,-0.944712479,-0.56637963,0.757893056,0.121162553,-4.041478572
-0.914799831,-0.796648044,-1,-1,-0.035491997,0.646229033,-3.094295769
0.651392665,0.633061743,-0.98316513,-1,-1,0.427472354,5.356835421
0.118955389,-0.210716822,0.068547384,-0.995580023,-0.41920543,0.134930478,1.146764445
0.059943758,-0.018508183,-0.656188591,-0.126379919,-0.611344426,-0.475947956,-0.276906627
0.7025251,0.359643212,-1,-1,-1,-0.895159782,2.986390989
0.49009473,0.185776083,-0.763928539,0.50740992,1,0.264927175,-0.868517887
-0.740864488,-0.834998697,-1,-0.475314085,-0.085453436,1,3.288399948
0.008349271,0.01581778,-0.920166898,0.921346995,0.026508713,-1,2.464750741
-0.089048324,1,-0.874752218,1,-0.025464074,-0.029182365,1.197788717
-0.178332461,-0.421111262,0.993381535,-0.091854696,-0.876258917,-1,1.194723422
-1,-1,0.226550321,0.036219401,-0.628392206,0.139529726,-0.735199782
-0.944770807,-0.969856574,-1,-1,0.17905833,1,-0.973744805
-0.275455596,-0.642843533,-0.317870829,-1,1,0.622463811,0.724884973
0.301376393,-0.63440571,-0.03108177,-1,0.576120144,0.106755817,-1.106777328
0.68769677,0.561504608,1,0.656400637,-0.427940071,-1,3.712335204
0.984477382,0.710589405,1,0.445273362,0.601981878,0.530992548,-4.286185501
0.53884122,1,0.937679938,0.319126256,-0.293775467,-1,0.799655226
1,0.013908297,0.535302304,1,-0.66105487,-0.543301858,4.120557774
0.590399127,-1,0.663823614,-0.69106651,0.802639588,1,-1.108635781
-0.253340199,-0.24351132,-0.510100201,-0.226613063,1,-0.207916501,-0.423891767
1,-0.018095519,0.721953552,1,-0.060059237,-0.943843288,4.847981338
1,-0.21085403,-0.77328958,1,-1,0.045179429,3.094953532
-0.282463166,-1,-0.329839726,-0.604667556,-1,-1,3.295829476
0.493100205,0.947839165,0.334388322,-0.070904166,-1,-0.943929733,2.415769341
-0.587143674,1,1,-0.360809464,0.568760502,-1,-0.455897039
0.922561041,-0.452966895,-0.134185517,-0.032904801,-1,-1,7.282502616
0.159173583,0.407185541,0.87799782,0.764224462,0.811036402,0.836562324,-0.826141134
-0.510610577,-0.398962657,-1,0.037434208,1,1,7.75198703
-0.482558333,0.255225907,1,0.826049057,0.26117238,1,-1.550346131
-0.114148704,-0.237624208,-1,-0.743689621,-0.259530793,-1,2.878951667
0.713543667,1,-0.666955589,0.272298792,-0.220565383,-0.018740166,2.581156381
-0.278209275,0.359888208,0.580201887,0.03581868,0.516242501,-1,2.510733396
1,1,1,1,0.014225207,0.625449513,-4.467318082
-0.052851422,0.709947998,0.023133414,-0.097156939,-1,-0.279738792,0.161123874
-0.67023891,-0.820520771,0.123674181,1,-1,-1,1.04570785
0.390564445,0.861864763,-0.075673659,1,0.032615515,-1,4.077607559
-1,0.043881881,-0.572889488,-1,0.092796386,0.387608529,-0.660419711
1,0.927252657,1,1,-0.609823923,-0.901661902,6.519379292
-0.418104925,-0.183003685,0.119421607,-0.565435296,-1,0.123453354,-0.615899327
0.392817602,1,-0.513282928,0.36550046,-0.477397588,-0.128498431,1.741117458
1,1,-0.523681048,0.175977939,1,-0.309233452,-1.283152229
1,0.936216799,-0.427642718,0.09734694,-0.681262785,1,8.019904753
-0.438033047,0.166782729,-0.556083591,0.055665104,0.574861256,1,6.764875471
-1,-0.459313918,-0.357483261,0.017267534,1,0.695466813,2.945272675
-0.758240579,0.475591425,-0.571212613,-1,-0.96612249,0.274218367,1.146667716
0.074320124,-1,-1,-0.025616908,-0.904901155,-0.834696528,-0.206888365
-0.514687324,0.513863196,-1,-0.304049669,-0.339711697,-1,3.549768437
1,1,0.659558832,1,0.163226012,0.473326344,-2.805672428
1,0.822741421,1,0.776754598,-1,0.350147731,2.620289863
1,0.190847649,0.000769919,0.452070572,-0.541115347,-0.659528625,4.385107792
-1,-0.737341303,-0.193323581,-0.750522206,0.378141758,-0.651790264,2.922688353
0.731589706,-0.405818998,-0.465149869,-0.007539367,-0.044712064,-0.496053049,1.586009728
-0.060799713,-0.071894496,-1,-1,-0.61624481,-0.5056646,-0.336007262
1,1,0.084245677,1,1,0.965624436,-1.43961502
-0.643616715,-0.976335844,-0.836881008,-1,-0.228344831,-0.218024242,-2.555980056
0.412299473,0.499293317,1,0.131464629,1,0.082724653,-2.16533155
-0.819062246,-0.178704198,0.226131039,-1,1,1,5.085142581
-1,-0.205378788,-0.912685421,-0.941514463,0.942852415,-0.727613163,4.049486638
-1,-0.234730947,-1,-0.687855655,0.423421064,0.683707452,1.878947119
-1,-1,0.535182491,0.231388247,0.151729518,0.121639843,1.478533224
0.526890918,-1,0.414995155,0.629671362,-1,-1,8.691363133
-0.653118011,-1,-1,-0.218544693,-0.071742244,-0.59267125,-1.946760633
-1,-0.626095729,-1,-0.826860097,0.695312569,1,3.614067167
-0.844954354,-1,0.189676437,-0.095371449,0.856423503,0.003895301,2.85028468
-1,-1,-1,-0.46632479,-1,-1,2.330638588
1,0.569077833,0.21606978,1,0.209527259,-0.333752644,0.686491037
1,1,-0.106853534,1,0.364849043,0.994695978,2.093577278
-0.092186148,-0.027994234,0.405436085,0.588782887,-0.119269273,-0.491738897,0.96415297
-1,-0.014041997,-1,-1,0.902574105,-0.167425538,-0.476455674
-0.902502473,-1,-0.895405484,-0.532682822,0.442954543,1,1.227200758
0.717509949,0.567562135,0.152739478,0.919763012,0.408731264,0.325563543,-1.614007914
-0.019497287,1,0.193958111,1,-0.592472843,1,1.268985269
0.221462909,0.624731475,0.195668176,0.463713294,-1,-0.090121553,0.58882622
0.841873997,0.315268035,0.058481001,1,-0.006317236,0.220480023,-0.173419732
-0.758426099,-0.625071964,0.674480518,1,0.993762493,-0.728691038,2.133842561
-0.066162213,1,-0.228968655,1,-0.440054492,-0.231934419,0.83268622
-1,-0.496197849,0.70645878,-0.23695177,-1,-1,-0.8463583
-0.778419606,-1,0.849034126,-1,1,0.10378216,1.283211924
-1,0.176612882,-0.501606412,0.835187397,0.196705293,1,3.914079239
-0.107319651,0.750089098,0.273919313,1,1,0.630477768,0.919858033
-0.856150154,-1,0.204598218,-0.200277117,-0.210903499,0.393285084,-1.196083814
0.591930591,0.573412357,0.894121254,1,-0.185312812,1,-2.056900028
0.311072961,0.143579991,0.228898054,1,-0.57756614,-0.979137246,4.775684842
1,0.217625448,-0.506434154,-0.949430148,0.278389623,1,2.130316269
0.869548997,0.868698045,0.451881914,-1,0.998090459,-0.538666547,-0.802983684
-0.252917893,-0.119416858,0.768889093,1,1,0.425292888,-0.336911775
-0.842013317,-1,-1,0.595137357,-0.429159268,-0.010459877,-5.846733071
1,0.142864885,1,0.753327786,0.738517412,-0.605846427,-1.875867979
1,-0.12612126,0.190052202,-0.048014685,0.320700134,-0.771431133,2.358468789
1,1,-0.486261972,0.859022404,-0.942604541,-0.50790964,7.291279595
-0.196995993,-0.101460859,-0.686207273,1,1,0.388079579,1.29730953
1,0.974758173,0.731289821,0.692390109,-0.97814152,0.87416314,3.359923456
-0.57001482,-1,0.499917815,0.063418739,-0.401330648,-0.526944627,1.596433113
0.272299558,1,-0.07595131,0.676049163,0.118669397,0.863130441,2.669734987
1,0.569691883,0.253669734,0.416138639,0.681225869,0.190381745,-1.574611837
-0.070771738,1,-0.527672063,-0.131416475,0.418762164,-0.902568198,2.270110686
-0.475851233,0.534540907,0.037611334,-1,-0.108416878,0.551114547,1.356349751
1,1,1,0.738172385,0.775635456,-0.26886212,-5.253044206
-0.940539233,0.219417056,-1,-1,0.528626876,-1,5.721872904
1,1,0.434508462,0.596099082,-1,-0.926716128,7.614739555
1,0.209588543,0.292536842,0.134695289,-1,-1,7.826651479
1,1,1,1,0.94604344,0.342311513,-8.554825239
0.104362123,-0.529081525,-1,-0.956237184,-0.425517481,-0.683375799,0.485711862
0.508715543,-0.072871798,0.208813768,0.233820036,-1,0.860830435,3.771737403
-0.272472742,-0.231047425,1,1,-0.656516934,0.127602108,-1.696288401
0.059204359,-0.528361372,0.77568658,-0.743504068,0.173206204,0.021033924,-0.542877925
-1,-0.829302121,0.097819727,0.529461911,0.382628091,1,1.915106846
-0.025985262,-0.088230176,0.889155889,0.694282221,-1,-1,2.082592965
-1,-1,0.266123372,1,0.826631882,1,3.248228798
0.404716737,-1,-1,0.866983829,1,-0.396421128,-6.28855154
-0.634220032,-1,-0.22548968,-1,-0.164457703,-0.889243479,3.231223896
0.51080045,-0.035519609,-0.396270126,0.52142349,-1,-0.395899008,1.607534512
-0.38270834,-0.129278446,-0.034317892,-0.097595677,1,1,4.521395945
0.027218957,0.316465906,-0.610188099,-0.5916852,0.530929717,-0.578186915,-0.365286744
-0.562021821,0.342738144,0.514052369,-0.165941928,0.189493473,-1,3.083352862
0.958172156,1,0.766489029,-0.255121369,-0.546869928,-0.446521479,-0.476905462
-0.345831586,-0.810300687,-0.003366522,-0.495443651,-0.781650695,-0.077117611,1.159210496
0.388060863,-1,-0.045590078,1,0.416939352,0.978458804,2.907576765
0.507095973,0.267516316,-0.840006121,-0.614491583,-0.634732674,0.726327829,3.581682608
0.012707703,0.162749501,-1,-0.156368903,1,0.630774789,2.553071507
0.231658261,-0.824756545,-0.155161381,1,-0.984116641,-0.727523205,3.635999472
0.571726351,0.592699847,-0.349661238,-0.788349824,0.490095166,-0.325428422,-1.220193493
1,0.434797041,1,1,1,-0.096875881,-5.336671031
-1,-0.909107949,0.085251363,-0.007725091,0.086440259,0.227176015,0.134370617
0.05553149,-0.465947499,0.665888072,0.899307202,1,0.318795625,-0.007568333
-0.282530731,1,0.728004144,0.80726367,0.648467277,0.578282254,-2.090800981
0.227345045,0.677532813,1,-0.001165951,-0.083952461,0.736226101,-1.074295014
0.350225137,0.779638572,1,0.340136634,0.078835983,1,-1.726372473
-0.622150531,-0.979859279,-1,-1,-0.412899589,1,0.736489645
-0.295341264,-0.12680382,-0.999778405,0.556752962,-0.560733306,-0.524142353,-0.618971567
-1,-1,-1,-1,1,0.307634332,-7.169565269
0.396123157,0.081317954,-0.50187382,0.007344914,0.259343724,0.530692889,0.841725858
1,1,0.689315469,0.009140722,-0.964963705,0.680930689,2.385834163
0.315609872,1,1,-0.68431836,-0.295678708,-0.803367445,-2.707172302
-0.211545467,-0.754897846,0.326938156,0.546228196,0.295256934,-0.302488934,0.881695637
0.147600275,0.282855768,-0.841199125,0.896919265,0.686994425,1,5.870172616
-0.106016755,-1,-1,-1,0.416330268,-0.601809765,-2.150533624
-0.697381395,-0.88575309,1,0.057177487,-1,0.476783232,-2.116647689
-1,-0.423841688,0.036215556,-0.505289376,0.659763663,0.667849184,2.163529197
0.343746119,0.460116715,-0.411011628,0.467829139,0.435338229,0.371983039,-0.144468283
-1,-0.708765227,-0.708971649,-0.47254612,-0.71914589,-0.023872998,-2.696228064
0.241431274,1,0.507494554,0.758197738,0.914688636,1,0.383881604
-0.07883786,1,-0.781587293,1,0.810480003,-0.417902156,-1.08580642
-0.155639525,0.124662521,-0.874032477,-0.695162335,-0.623272996,-0.819855996,-1.047296693
0.951633731,1,0.638115808,0.937191735,-1,-0.906771847,7.788900543
-1,-0.165433433,0.574575416,-1,-0.69536629,0.050337694,-2.356597481
0.922138966,0.555501276,0.918264681,0.252977682,0.4508677,0.472762508,-2.016959238
-1,-1,-0.690680673,-1,0.587953308,-0.321495988,-1.475468734
0.730396386,0.340274474,0.124964237,1,-1,-0.790141419,5.831898556
-0.95151219,0.715617807,0.659904324,-0.860767522,-0.353812029,0.204128825,-1.785417323
-1,-1,-0.369209287,-0.656613204,0.337531351,0.521787027,-1.875885554
0.566112318,0.643486136,0.511826155,1,1,1,-0.601332623
-1,-1,-1,-0.549760472,1,0.114797038,-6.220392487
0.364838083,0.395140552,-0.544347755,0.123885409,-1,0.556665664,2.763779525
-0.26604339,-1,-0.053464752,-0.306695638,-0.532474009,-0.355348657,0.439862505
0.261488074,-1,0.651570117,0.337839965,1,-0.237000821,0.936497982
-0.346920613,-0.092701381,1,-0.760747638,-0.805119554,0.690318808,-2.955257533
-0.764069128,-0.253707698,0.572569456,1,-0.56565666,-0.11899634,-0.590452164
-0.100682687,0.223183243,-1,0.6200271,0.783080369,0.93939116,6.28722309
0.531216487,-0.805482227,-1,0.884905805,-0.898806003,0.726880844,3.680693187
-0.140991897,-0.280360195,-0.711432224,-0.15296502,-0.286236035,-0.801769613,2.032653691
0.463215078,1,0.830764889,0.862482654,-0.259146271,-0.451713323,-0.059904364
-0.050108794,-1,-0.938859689,-0.411986942,-0.618946943,-0.841835499,1.445961189
-0.018816099,-0.230566167,0.180429244,-0.16272002,1,1,2.629561141
-0.576301706,0.998075941,-0.242303519,-0.005607533,1,0.175737704,2.99077998
1,0.159099138,0.800864364,0.156332426,-0.934941068,-0.441337185,5.94295516
-1,-0.641495404,-0.573801442,0.189747332,0.587050461,0.194677446,0.745954653
-0.992073342,-1,-1,-0.999209918,-0.276125972,-0.684439001,-1.749003638
0.90864756,0.794434582,1,-1,1,0.511538154,-1.624576201
0.48744593,0.851181134,0.763293891,0.422516618,0.266728642,1,-1.099070439
-1,-1,0.318808118,0.018579865,-0.915742818,-0.307577751,0.767182416
0.532260916,0.864298151,-0.668084944,-0.608640028,-1,-0.002377015,3.878064271
0.6229462,-0.838009834,0.38866266,0.463968277,-0.574559853,-1,6.594982028
-0.401094053,-1,-0.614475337,-1,-0.001038934,-0.101664441,-2.640575859
-0.77763902,0.445343448,-0.319626684,-0.657611614,0.906083941,0.020578153,2.998108028
1,0.562462287,1,1,1,0.458839171,-6.830805625
0.827995832,0.401956493,-0.740510069,0.604952894,0.61895874,-0.47694536,-2.792250185
-1,-1,-0.242965998,-0.237023883,-0.044212064,-1,3.683533351
-0.873253465,-0.412211449,-0.308326884,-1,0.834064018,-0.209317635,4.091101866
0.747437663,0.193404975,0.751843642,0.405891716,1,1,-1.600074491
0.096183723,-1,0.544478808,-1,1,1,-0.599470982
0.304717677,0.649997712,-1,-0.556452542,1,0.58583093,2.27046013
1,0.38255273,-0.579080389,0.11581465,-0.236274225,-0.892137508,2.203742801
0.291889935,1,-0.472972554,1,-0.643563026,-0.09098545,3.249833633
-0.764371324,0.092654359,-1,-0.858237911,-0.403013889,0.077892395,-1.842194385
-0.327594566,-1,-1,-0.792849729,-0.738110022,1,4.054835194
0.625274461,-0.060375416,1,0.02984834,-0.154378016,-0.089098723,1.119465271
0.097365677,0.271686396,1,0.221405549,-0.381584787,0.050015182,-0.194057455
0.019427119,-1,-0.503002349,0.335998463,0.003516109,0.693114778,0.349476731
1,1,-0.034145205,-0.625805091,-0.128700957,0.701136265,3.524912653
0.277243102,0.045925296,0.812818653,0.884684215,1,0.385825068,-1.340021769
-0.25301649,0.010738982,0.009767414,0.18732342,0.573964413,-0.671179584,1.142900794
-0.70101318,-1,-1,-1,1,0.437666111,-5.651925258
0.600646244,0.730090684,1,0.135946751,-0.479029743,-0.655416323,0.86859725
1,1,1,0.082706863,0.278962219,0.58043343,-3.668139509
1,0.428280694,0.813672823,1,-0.997160968,0.217396057,3.551707474
0.59936504,-0.339279908,0.155069516,0.11207731,0.52213243,1,1.628739307
0.66093219,0.620430576,0.663836743,0.432753928,0.93700561,1,-0.660669362
-0.637806956,-1,0.407708772,0.906854203,0.987125846,-0.156655202,2.251157585
-1,0.036454258,1,-0.089794578,0.046339841,1,-2.736418958
0.284599141,0.596097764,0.715039585,0.892743915,0.84389302,0.900877358,-1.746206796
1,1,1,1,-0.474437859,-0.086808089,1.151449729
-1,-0.963268664,-0.002893876,-0.060863755,0.121861905,1,0.287053316
-0.669961158,-0.606109577,-1,-1,0.286190787,0.474940777,-2.229882888
-0.80797815,-0.336310003,-0.716092625,0.95313552,0.438484011,0.00258486,-0.150134356
0.609027631,-1,0.601722869,-1,-0.54829124,1,5.280660645
1,1,1,1,1,0.969462916,-9.903593197
1,0.350773269,1,0.58593526,-0.674053121,0.288069004,2.143096089
1,0.614594059,0.662433944,1,0.47517574,-0.298335309,-0.830034455
0.443450269,-0.804434082,-0.080209099,-0.516621737,-1,0.241854413,2.693886797
-1,-0.735389474,-0.419694744,-0.985793171,-1,-0.761025758,2.428959318
-1,-0.657441291,-1,-0.790042824,-1,-0.034192597,-2.318483309
0.867159397,0.994487262,0.888477183,0.455581308,-0.107604715,-1,1.019830881
-0.366388728,-0.887723447,-1,-1,-1,-1,4.250577864
-1,-1,-1,-0.416799129,1,0.066926289,-5.708487371
-0.803338223,-0.849868055,-1,-0.958760017,-0.081995282,-0.655951167,-0.402472728
0.31431402,-0.638781668,-0.155572841,0.17132314,-0.603305622,-0.660793358,1.463525289
-1,-1,-0.30479866,-0.882196369,-0.788545732,0.027756802,-0.815342635
1,0.770965679,1,0.421139537,0.636973111,-0.818318313,-2.303381189
-0.48744604,-0.212996551,-0.026945513,-0.343971851,-1,-1,0.027679378
-0.699819239,-0.599547056,0.47467323,0.118963774,-1,-0.267773132,-1.287646781
0.598771385,-1,1,-0.89904471,1,1,-6.918359931
0.202102118,-0.333669262,-1,0.327676143,-0.168993732,-1,2.17081436
-1,-1,-0.568770081,-1,1,0.924248767,-0.237889257
-0.283591802,0.52621404,-0.075727359,0.412776109,-0.153279364,-0.967976752,2.847454729
0.108917884,-0.691930219,1,1,0.276246308,0.723663335,-1.153014334
-1,0.011087999,0.252732363,0.869182565,1,0.810179926,3.921796826
1,1,1,0.543807133,-0.754215752,0.175000702,0.672434696
1,0.618213649,-0.178773575,0.441711416,-0.374799936,-1,6.135093706
-0.910222357,-0.13055736,-1,-1,0.184650659,-0.860997226,3.299731169
-0.126921951,-0.445961439,-0.202990054,0.672297427,-0.237043983,-0.035903339,0.093781022
-0.106357084,-0.052508776,-0.22593295,-1,-0.030521532,-0.15247733,0.069152701
-0.715718696,0.628122489,-0.555922543,-0.08035918,-0.086633981,-0.987472445,3.526366456
0.292580388,0.262794101,-0.15964288,-0.20544596,-1,-1,2.487460704
1,1,0.607065121,0.193867617,0.437883739,0.19457254,-2.602439224
-1,-1,-1,-1,-1,-1,4.330281085
-0.006972523,-0.554859522,0.00546124,-0.792752547,-0.712833957,-0.009514463,1.761611792
1,0.666243943,1,1,-0.298179718,0.665395155,-1.201691496
0.227842443,-0.119632993,1,-0.558897438,-0.408633253,-0.827354894,2.180841051
-0.360997896,-0.022380923,-1,0.744184308,1,0.540670642,3.265814209
0.295421913,-0.891747641,-0.736699909,0.542275561,0.400052604,0.142255291,-0.742395084
-0.111468117,-0.823970112,-1,-1,1,1,1.574067452
1,0.462886256,1,1,-1,-0.155849921,4.122618125
0.763670835,-0.663115353,-0.204539646,-0.339809312,0.085029011,0.514032087,-0.483355373
0.928639556,0.044418325,0.746163301,-0.36286274,-1,-1,7.860686664
-0.291346011,-1,-1,-1,-1,0.580918407,2.280106149
1,0.555942926,0.955175499,0.27238367,-0.549112536,-0.771821823,5.286798547
-0.978424725,1,0.645972754,0.060197228,0.465409701,0.995895195,-0.159872281
1,-0.599358031,0.278926715,-0.597008721,-0.353191904,-0.432406433,2.974706004
-0.725918965,-1,-1,-0.876902168,-0.164612646,-0.577477602,-2.928019178
0.531907135,1,0.632107532,1,0.243193572,0.498373923,-3.09841506
-0.360374436,-0.007054598,1,-0.354180331,1,-0.76366383,0.797708761
1,0.273011978,1,1,-0.528358135,0.223610287,0.88989032
-1,-1,-1,-1,-1,-0.001831149,-3.138455168
1,0.156380794,-0.191768363,0.806882315,-0.822447737,-1,6.188510302
-1,-0.446420784,-0.329461657,-0.761830015,-0.322900357,-1,2.623772564
-0.290307233,-1,0.835079534,-0.582298856,0.201806433,0.574660269,-1.085514607
1,1,0.297841234,1,-0.494534849,-1,8.945665705
-0.03723902,0.502240594,-1,-0.539265963,1,1,8.646267183
-1,-0.057504925,0.816270723,0.015684933,-0.741583186,-1,0.338939646
-0.664255486,-0.726379127,-0.899426453,0.361320798,0.988836092,0.255253035,-1.213317056
-0.308827138,-0.097348227,1,0.77277185,0.980163138,1,-0.497151901
0.520688975,0.611154919,0.441951149,0.389983804,-1,-0.427492329,1.101098378
0.321159038,0.187543539,0.276591642,1,1,0.312374837,-0.455533374
-1,0.765885626,0.871367915,-1,0.072803879,-0.140614068,-2.932214484
-0.052106164,0.107437344,0.034171612,1,-0.281786875,-0.382636655,0.636479522
-0.513654119,1,1,-0.234615558,-1,-0.978794605,-4.688108529
1,0.904462852,-1,0.198559483,-0.554063064,0.541411627,5.948929827
-0.681825085,0.864381824,0.302066705,1,0.285680108,-1,2.011739192
-1,-0.143733008,-0.66810521,-0.867640074,0.573050273,-0.609510317,1.856703949
0.943450316,0.917890176,1,-0.05575389,0.986863342,1,-4.327238935
-1,-0.754765453,0.173076099,-0.118187235,-0.50472785,-0.567229951,-0.399326587
-0.08253618,-1,-0.072428492,-1,-1,-1,8.574273101
-0.804620469,-1,-0.722485585,-0.627122605,-0.962998691,0.991724245,1.499232753
0.523259903,-0.465850371,0.253757819,0.674372072,0.302953826,0.11970441,-0.466997713
-0.02923784,0.10047206,0.862054783,-0.637229269,-0.531817906,0.968164441,0.069847593
1,0.677347367,0.992133071,1,0.050349537,1,-4.695418999
-0.651398638,-0.192136282,1,0.811686817,-1,-0.25327859,-1.981093642
-0.298037685,0.629295466,0.688889616,-1,1,0.285787344,0.773851374
1,-0.225570436,0.18434789,1,-1,-0.365532748,4.040059342
1,1,0.191595366,0.889701858,-0.435175761,-0.547673307,4.086201638
0.316954426,0.041143704,1,1,-1,0.089033182,-0.24766044
0.986675388,-0.288883432,0.683101416,1,0.713927434,1,-1.718103322
-0.131236646,-0.230815643,1,0.336724249,1,0.171079612,-0.250204365
0.978121991,1,1,1,0.622225293,0.961917354,-8.637064541
-1,-1,-0.460791296,0.199657846,0.256563778,1,1.921283494
1,0.989432449,0.51474191,-0.750824889,-0.158591801,-1,2.981982498
-1,0.399227785,-1,-1,-1,-0.341448629,-1.720608862
0.354835432,0.03185706,1,1,0.275171575,1,-2.481672603
1,-0.389376207,1,0.169882604,1,0.747378588,-6.985344278
0.603130069,0.079682789,0.368175617,0.485318565,1,1,2.643100917
-1,-0.54129012,-0.028025764,-0.362195401,1,-0.17981403,3.20867795
-0.250992204,0.850008367,0.059935609,0.823725955,-1,-1,2.995113947
1,0.176918584,-1,0.271520832,-1,-0.271795467,4.427612815
-0.150827232,-1,-0.773964999,-1,0.379150997,-1,2.846303038
0.366330636,1,1,0.315147534,0.222173994,1,-3.386158393
1,0.09990668,1,0.791214456,0.178021432,-0.688065173,0.459966224
0.918690645,0.526639698,-0.608586399,0.939874963,0.765095461,0.605050088,-1.853944204
-0.452497512,1,-0.584634141,0.172728194,-0.434047702,-0.461991967,1.216826254
-0.508007478,-0.186206887,-1,-1,-0.388669294,-0.19393632,-1.642805318
-1,-1,-1,0.230991081,-0.550270057,-1,0.284969672
-0.805895794,-0.42855835,0.393003518,0.503494415,-1,0.235886326,-1.647211162
-0.688717909,-1,-0.448212445,-1,0.980957561,0.170214511,-0.381344029
1,1,0.120170097,1,-1,0.489006612,4.731877457
-1,-0.219673999,-0.127559581,0.281390845,-0.019910642,-0.636493663,2.269181874
-1,1,-0.462194437,0.158641206,0.118906278,0.99123791,5.821781714
0.390494248,0.993036934,-0.56111585,0.407189993,-0.428930108,0.246902835,2.813496377
-0.310939307,1,-0.73279798,-1,-0.491944284,-0.811421252,0.77782025
-1,-0.165270185,-0.438746456,-1,-1,-0.64481945,0.655880501
-0.642062915,-0.502952561,-0.12379978,-0.895871582,-0.258997665,-0.814023341,2.177320829
-0.517938628,0.307370165,0.47435067,1,0.218946668,0.615964911,-0.637550923
-0.093873301,1,0.436153602,0.15459321,1,0.283367277,0.341212224
0.123688414,1,0.121445624,0.810076066,0.129000595,0.715991933,0.707728069
0.354990658,-1,0.929737793,-0.632404187,-0.14783143,0.911776371,-0.217824846
-0.693942369,-0.533612824,-0.57582485,-0.857363542,-1,-0.663156049,1.178702838
0.945721937,1,0.476913474,0.756292644,-0.665709789,-0.721015036,5.171164732
-0.289918501,-0.422324784,0.347791297,-1,0.547769308,-0.619051791,1.625373631
0.373963831,-0.014287128,-0.310746687,0.381612665,-1,-0.756963029,1.711998356
-0.329700298,-0.997139018,-1,-0.734812018,-0.217541618,-0.588211824,-2.753579036
-1,-0.5879491,0.407117668,1,-0.481186571,0.281415003,-1.76563952
-0.441307584,-0.268668812,-0.643266079,-0.742378702,1,0.106114341,0.811396764
-0.25197518,1,0.44455675,0.574642652,-1,-1,1.395094795
0.284389923,0.352713827,-0.258778616,-1,-0.675496707,-0.726961711,2.029467662
-1,-1,-0.961601915,-0.293540697,-1,-0.367763225,-4.967470438
-0.788078645,0.133918455,0.630676571,1,-0.373061956,-0.332911206,-0.594737229
0.938021547,0.011900747,1,1,1,-0.681935989,-3.892178934
0.379967786,0.009814101,0.305743388,0.052483526,0.60847697,1,1.808082096
-0.999984682,-1,-1,-1,-0.068792361,-0.068960149,-5.98279232
-0.733488253,-0.209564257,-0.598799335,-1,-0.344816741,0.725291705,1.035212348
-1,-0.683124182,-0.274071365,-1,-0.673808657,-0.670857092,1.674796354
-1,-0.720703371,-0.307303458,-0.887688999,0.136993714,-0.328911652,0.46216392
-0.260685007,-0.916988374,-1,-1,0.746861748,-0.435910887,-3.243923002
1,1,0.472917569,-1,-0.111568285,0.295545173,-0.089999448
0.498798229,0.778734398,-1,-0.134482199,0.069546956,-0.476537008,-0.478377186
1,1,1,1,0.285345828,-0.482549277,-2.646850531
-0.028197118,-1,-0.681620525,-1,-1,0.400738244,3.392668568
-0.159687199,0.249893332,-0.123965344,-0.522812617,-0.438848996,-1,1.021953092
-0.358406351,0.671799661,-0.504399527,-1,-0.920164961,-1,-0.179443401
0.759721852,0.080724844,-0.035494155,-0.138167016,0.097772019,0.739286973,0.958397852
0.755239782,0.987342232,-0.288680612,0.782756644,0.037204092,0.191737368,1.439013933
1,0.765083067,0.022435534,1,-1,-1,10.3864799
-0.018263504,-1,-0.728586167,-0.987017282,-0.108851439,0.394519511,-2.774305092
-0.25052964,1,0.917182069,0.13399751,0.926140863,0.71341963,-1.672583374
-0.237804116,-0.875679254,-1,-0.649504326,0.952821753,0.541693315,-1.958854738
-1,-1,-1,-0.642395676,0.502771574,1,0.206923146
-1,-0.78974406,-0.91162274,0.272091831,1,-0.150446297,-2.422160488
0.673474931,0.412642316,1,-0.539589187,1,0.349351822,-1.398156431
-1,-1,0.123173271,-0.558748355,0.753026498,-1,8.054989615
-0.94624628,-1,-1,-0.948812377,-0.292729853,-1,3.081408256
0.923718845,1,0.356801725,0.517040213,-0.269172676,0.445904619,0.33784625
0.980392982,1,-0.311758948,-0.350250942,-0.159807996,-1,3.418575661
1,0.716589879,0.153090902,0.940048531,0.364225722,0.778350501,-1.5923456
0.595462259,-0.126695633,-0.744347779,-1,-0.389517149,-0.569210209,0.332451343
-0.099690134,0.661811448,0.084093072,-0.260091398,-0.157848554,-1,1.360027142
0.100795924,-0.528091489,1,-0.048913211,-0.116848532,0.535874871,-0.258620426
0.406746095,0.0201645,1,1,0.11230055,-1,0.835499296
1,1,0.977122911,0.057457423,-0.078164978,-0.343474433,-1.576696848
0.826717924,-0.048093951,0.516764348,0.034793897,-1,-1,6.928139176
0.128439427,-0.454185138,0.949451943,-0.180885963,-0.313419161,-0.169638896,1.125419567
0.238054946,1,1,1,0.294791108,-0.753988025,-3.10658733
0.334318679,-1,-1,-0.807654718,0.182615763,-0.172261698,-2.748760544
0.430916864,-0.523477948,0.562822073,0.232122686,-0.587186187,-0.591506969,3.062375987
0.20916757,0.481901998,1,1,-0.129705749,-1,1.914592616
0.0679243,1,1,1,1,1,-6.359668376
-0.360100963,-0.854726645,0.760550406,-0.795032132,-1,0.345963791,2.253049886
-0.30875915,-1,-0.543712765,-1,-1,0.765393767,4.335917098
0.012957375,1,1,1,1,1,-5.603430555
0.104425824,0.1552783,-0.476102855,-0.504802685,-0.359481628,0.986367138,5.009015498
-0.281037441,-0.127416907,-0.049947929,-0.154706535,-0.435164811,0.49924296,-0.045552
-1,-1,-1,-1,1,1,-1.437364879
-0.141394643,-0.149342504,-0.690809942,-0.539515652,1,0.873172068,4.779871797
-1,-1,1,-0.670293927,-1,-1,4.953403862
-0.773319771,0.496293493,1,1,-1,-1,-0.133657831
1,0.652897652,0.569899018,-0.246473242,-0.027096283,0.093710054,-0.28004558
1,1,1,1,1,-0.458492606,-6.678819245
0.261175399,-1,0.922183584,0.336720458,-1,-0.504589804,5.687121936
0.692177762,0.05960519,0.391318329,-0.190466669,1,1,0.466250336
1,0.676956415,0.304702185,0.205975069,-0.332156414,-1,5.273711041
-0.192200319,-1,-1,-0.445313393,-1,-0.772642992,0.261837659
0.285639197,0.413943024,0.209109753,1,-0.521680946,-0.340768001,1.791765513
-0.809495283,-0.782891968,-1,-0.534927634,-0.050726942,-0.573542561,0.355965629
-0.883214826,-1,-0.79460709,-0.63441273,0.092251571,-1,3.657002397
-1,-0.525691553,0.296298265,0.805949767,1,0.063266019,1.903516599
1,1,1,0.382698737,0.343257503,-0.009272797,-2.982542519
0.150296703,0.721910775,-0.064342274,-0.525478083,0.702331934,0.197554496,0.961693689
-0.846679165,-0.112479944,-0.992813171,-1,-0.10319681,-1,3.380286311
-1,-1,-1,-1,-1,0.492937626,-2.934833194
-1,-0.853351814,0.786967481,-0.218751572,-1,-1,2.596730227
-0.040232554,-1,-1,0.26040629,-0.158203845,0.699268809,0.597092353
-1,-0.624057371,-0.831285705,-1,-0.223035597,-0.708137462,0.394334646
-0.434503929,-0.581740778,-0.945840481,-1,-1,-0.749574284,2.55212719
0.114537819,-0.992831658,-0.421699072,-0.015484352,-1,0.001999183,0.489742353
-0.221464399,-0.312583424,-1,-0.659932388,-0.098034041,-1,3.433097569
-0.70880664,-0.43831617,0.10148087,-1,0.308852415,1,0.381613545
-0.581064735,-1,-0.735072469,-0.694639622,-0.669503809,-1,2.963004737
-0.890119937,-1,-0.863637545,-0.653500863,1,-1,2.699882208
0.68401142,0.831447171,0.295758458,-0.076126072,0.365778654,-1,1.797518462
-0.901642693,0.104299151,-0.4894895,0.149462763,-0.16689981,-0.259723535,-0.277012033
-0.460960573,-0.32608271,-1,0.838882585,1,1,9.19952549
0.634176302,-0.516408753,-0.255045978,-0.267010306,-1,-1,4.870366829
1,0.314450606,1,0.910226962,-0.060965956,-1,3.874386475
-0.499494344,-0.380554312,0.134872041,-0.930928875,0.981791605,-0.833083793,4.985222296
-1,-0.298115221,-0.011880228,-0.257404409,0.397193732,0.922661061,1.100460751
-0.258663719,-0.10612779,-0.200976387,-0.102365586,-0.693324544,0.520620013,1.679074715
-0.639520397,1,1,-0.616881408,-0.988240745,-0.468495486,-4.675282791
-0.893963469,-1,-1,-1,-0.004052515,0.607052993,-5.427848719
-0.785649228,-0.687310277,-0.482047147,-0.187454421,-1,-1,1.204400868
0.3674639,-0.674905594,0.944912242,-0.363138678,-0.344141247,1,-0.915046209
0.409387371,0.373297671,0.241857308,0.675824382,0.75229336,-0.251870028,-0.362314975
0.262287755,0.525832607,1,1,1,-1,-2.740795534
1,0.684602922,0.256724299,-0.295014692,-1,-0.973992512,5.667435069
-0.94888869,-1,-1,-1,0.532624591,-0.637057144,-3.170475321
-0.423237977,-0.442241163,-0.932613485,-0.680482271,0.788597415,0.35127086,-0.429658945
-0.462494164,-0.04491197,-1,-1,-1,-0.656717262,-0.45526658
0.008318869,-0.63665991,-0.463261565,0.650842845,0.63031569,-1,1.4616233
0.523871229,1,0.481188346,0.763447136,-1,0.947149145,2.883177738
-0.641643552,0.485329927,0.560908572,0.61412155,1,1,3.61649166
0.058666026,-1,-0.530036974,-0.597827642,-1,0.149182194,1.279140864
1,0.189403444,1,-0.515412181,-1,1,3.344191041
0.690986301,-0.17829471,1,1,-0.666808483,-0.514981197,1.657183626
-0.500628703,-0.090653532,0.599860964,0.668890198,-1,-1,0.157847579
-1,-1,0.154770707,-1,-0.024011847,-0.55050365,1.302056084
1,1,0.015618908,1,1,0.713602357,-1.719481905
-1,-0.55991968,-1,-1,-1,-0.296755909,-1.512624452
0.498255859,0.281503046,0.699430548,0.21756702,0.384305222,0.183899519,-1.370827838
0.589461623,0.526943064,-0.555114572,0.448620554,-0.035537181,-1,2.702078231
0.504796541,-0.435563726,-0.852820495,-0.092677526,-0.992067196,0.085810658,1.764679433
1,0.167460995,0.699267912,-0.200997743,-0.811927926,1,4.857105569
1,0.556761069,0.718717396,1,-0.953054018,0.052274866,3.634989743
-0.385769998,-0.464304291,-0.731729895,-1,0.629131242,-0.488780209,0.514053011
0.977425538,0.105392098,0.70642841,0.110358633,-1,-1,7.51699164
-0.169450987,-1,-0.556213968,-0.162338793,-0.057130899,0.995659068,1.157123315
-0.701306726,-0.62804975,-0.459119328,-0.83225375,-0.521113503,-0.327573197,-0.214849918
0.783267701,0.839368078,-1,1,-0.173663276,0.232505492,2.714407262
-1,0.757023423,1,1,-0.450573585,-1,0.088878772
-0.181511057,-0.112425252,1,-1,-1,-0.207799797,-0.724582397
-1,-1,-1,-0.335629578,-0.653838797,-0.251289624,-4.928689719
-1,-1,0.051705899,0.131221906,-0.958161366,0.466528496,-1.786867576
0.416804824,0.010372212,0.507067994,-0.467094296,-1,0.633783521,1.445366122
0.129387453,-0.4386759,-0.199306851,-0.131498723,0.363758929,-0.022012382,-0.652069303
-0.033897432,0.421036877,-0.009926767,-0.440369573,1,0.960284248,5.038325135
-0.078584529,0.721023758,1,0.396665707,0.750529184,-0.294335189,-0.704564827
-1,-0.55264244,-1,-1,-0.013026015,-0.848613441,2.80994257
1,0.057022334,1,0.11585388,0.231719932,-1,3.040457376
0.133462724,0.154624088,0.142738246,1,1,0.383187506,-0.145253143
1,0.19852703,1,0.232330269,-0.982078401,-1,7.007075648
-0.347247546,0.507188693,1,-0.381524862,-1,-0.066174982,-2.280050387
-0.304327185,-0.503556587,0.348187007,0.251782208,0.830584469,-0.064356182,1.094115151
-1,-0.126083356,-0.887270698,-1,-0.008088272,-0.284863985,-0.763799399
-0.297201411,0.176613863,0.433104702,-0.51283591,-0.191845451,-0.516989954,0.777145409
0.321130412,-1,0.087313678,-0.225875317,-0.43466722,1,2.930755577
-0.280727514,1,0.375125992,-0.568522619,0.437715222,-1,0.942133311
-1,-0.981209906,-1,-1,0.89014758,1,-1.096026785
-1,-0.308858345,-0.27018187,-0.703857322,1,0.615094155,3.224379295
-0.249579836,-0.662281142,0.001955344,0.546468963,0.834662539,1,3.869485609
-0.249238202,-0.565752345,-1,-1,0.212624531,1,3.378189511
-0.594374458,-0.204090833,-0.522649657,-1,-1,-0.553382168,1.268106607
1,0.554102995,1,-0.187663444,-1,-1,4.872284587
-0.689244819,-0.22088662,-0.776043332,0.220237407,-0.135321915,-0.815233612,2.51342738
-0.138925096,0.403683277,0.322032661,-0.010611735,-1,-0.939999184,0.269998179
0.145768612,-1,-1,-1,-0.693224395,-0.692366592,2.190299878
1,1,1,1,0.166808277,-1,1.727359586
1,1,1,1,-1,-1,8.346684379
1,1,1,0.167828836,0.051889472,-0.050437034,-1.609702433
0.496267767,-0.529420929,1,0.349104614,0.387380851,0.737276897,-1.463222212
-0.341801166,0.445435547,0.212900755,-0.016158201,-0.548524474,0.002927062,-0.087444893
0.310069456,1,1,1,0.57938472,-0.731331872,-3.999625681
-0.516438274,-1,-0.95333881,-0.192442678,0.409430823,0.085120751,-1.83396595
0.020131833,0.559882014,0.380592948,1,0.468254171,0.803998344,1.051225087
0.455643083,0.892253606,-0.51178738,-0.504314998,-0.318687775,0.285415455,2.199689563
-1,-1,0.314843124,-0.049992778,-0.339310125,-1,4.274176418
0.613462686,-0.013966938,0.868165866,0.093387945,0.926331216,1,-2.353382735
0.40931422,0.200549192,-0.34050999,0.150772455,-0.174658599,-0.713755416,1.120874931
-1,0.404896684,-0.597234451,-0.566865997,0.202816339,0.738422422,2.437357185
0.174501684,1,0.92393314,-0.449167713,0.762212088,0.053380136,-1.833481669
0.862277136,1,0.953100161,-0.03388661,-0.491189305,-0.148541293,-1.028585234
0.462279334,1,-0.661253518,0.135810728,0.564405426,-1,2.81723523
0.60518238,-0.402977095,0.188568335,0.191872655,-1,-1,5.314632098
1,1,0.255177954,0.193369844,0.069189663,-1,2.961451785
1,1,0.295523573,1,0.265049353,0.891252794,-0.719773035
0.042839263,-1,0.736297987,0.164982203,1,0.784806448,0.809963631
-0.712960472,1,1,1,-0.886216972,-0.977223864,-0.165413992
-0.006601936,-0.651113761,0.635538241,0.672576993,1,0.641505809,0.520235365
-0.501952027,-1,0.43777499,-1,-1,-1,8.323264367
0.42461891,-0.588867685,-0.528815241,0.21163825,-0.95566482,-0.584764914,1.87234223
-1,-1,0.124162291,-0.170151804,1,0.589457452,3.018468232
-1,-0.891029505,-1,-1,-0.493964773,0.870543847,-1.732514757
-0.11526984,0.699388487,1,0.359547769,0.362055507,-0.049247406,-0.61241996
0.066461336,0.332368705,0.230998998,0.330470028,-0.117845658,-1,2.416185769
-0.033237668,-0.280915316,-0.769563116,-1,-0.446780606,-0.208233173,-0.335804964
0.391590288,0.770742667,0.428552441,0.754324644,0.423329159,-0.048947895,-0.925404289
-1,-0.604944132,-1,-0.200822564,-0.658269682,-0.539639385,-0.953603602
0.220900634,0.724895845,-0.27051873,-0.521796304,0.077386822,-0.674244849,0.094732562
1,0.167019659,0.294875559,-0.533994,-1,0.475408858,3.34552159
-1,-1,-0.686714844,-1,-1,-0.177979395,0.852774873
-1,-0.349687114,-0.742805031,-1,1,0.677102726,3.195807576
0.114997057,0.4220558,-1,-0.489692378,0.413993864,-0.142132315,-0.92836578
-0.258589452,-1,-0.435015089,-0.027744585,-1,-0.653265061,0.760250029
0.2029375,0.750581563,-0.406271629,0.421953981,-1,-0.757747365,1.287537406
0.91827563,-0.954180032,0.132626335,0.777929185,0.988669875,0.660878886,-1.833304188
0.489179388,0.467263668,0.263264694,1,0.351267382,0.854628762,0.372850648
-0.223187115,-1,-0.266515853,-1,-0.362109268,-1,5.754616803
-0.399794557,0.406667965,1,-1,-0.163196496,0.408714317,-2.281560587
-0.020836632,-0.879041173,0.505875208,-0.088263974,-0.341646136,-1,6.046698728
-0.699431655,-1,1,0.013063406,0.071163598,0.094367313,2.624427295
-0.969205335,-0.405863158,1,0.596560754,-0.96837319,-0.060569146,-3.80665922
1,0.883613226,0.37033994,0.590543065,0.709615352,-0.893965324,1.367370767
-0.759035459,-0.903282835,-1,-0.255212395,0.492508406,0.710599445,-0.196517985
1,1,1,1,0.901674042,-0.481023511,-5.97514309
0.889005576,-0.723491562,0.23214435,0.861046359,0.347951468,-0.042652492,-1.099968745
-0.7174497,-0.305452628,-1,-1,-1,-1,2.117958567
-0.521179508,-0.012670252,-0.799480466,-1,0.399594188,1,4.869070173
-0.313270149,-1,-0.30076377,0.100323096,-1,-0.565416831,0.667371759
-1,-1,-0.589576984,-0.716075001,0.793435853,1,0.876795232
-0.312080663,1,0.781361424,0.71923392,0.744000104,0.835252226,-2.554869848
0.422583006,-0.50771757,0.628999166,0.014170202,-1,-0.002963576,2.729373625
0.316064838,0.489607428,-0.417805498,1,-1,-1,5.00643622
-0.68513531,-0.633747698,0.366362036,-0.857912166,0.003566831,1,-1.933236289
1,0.343022005,1,1,1,0.304567707,-4.984230538
-0.395339641,0.527804025,-0.203558056,-0.673112951,-1,0.191017336,0.44507159
0.481980565,0.452761577,1,0.539814142,0.594318666,1,-3.066900608
0.253737676,-0.496415889,-1,-1,0.391317961,1,2.741733243
1,-0.513085842,0.701851011,0.405880755,-1,-0.552470967,7.133219836
-0.274903007,-0.571782084,-1,-0.837288664,0.324496622,-1,4.052379476
-0.937239952,1,-0.652000946,0.980940574,-1,-1,5.300077186
0.831689559,0.535351126,0.125376288,1,-0.943775546,-0.99590214,8.534637191
-1,-1,-1,-0.594175902,-0.54080599,-0.396178906,-4.25365642
-0.678776704,0.168331393,-0.427604265,0.823193222,-1,-1,0.742364061
-0.853197675,0.69224453,0.532689008,1,0.287437073,-0.152625837,0.007413725
-0.355137457,0.085428379,-0.802749376,0.741952956,0.126704977,1,5.416766454
-1,-1,-0.454893133,-0.162511553,-1,0.584793494,-3.632868792
1,1,1,0.135622144,-0.105943447,-1,0.764027906
-0.298313796,0.570141688,-1,-0.726158456,-0.450008064,0.03761301,-0.248850805
0.867660886,-1,-0.542706079,-0.357074448,1,1,-2.730347272
-1,-1,-0.428273147,-0.852619237,-0.11210295,-0.968693005,3.248735378
-1,0.535382215,0.227822694,0.269555383,0.821199629,0.431980152,1.313330496
0.782273819,0.482917668,-0.343912442,-0.94136427,-0.094434235,-0.48686445,0.416755174
1,0.354948298,-0.299989336,1,-1,0.762942607,4.564666123
1,1,0.649544615,0.291507479,1,-1,-1.351592012
0.44885207,-0.297688595,0.872307983,0.188876741,-1,0.153786336,1.847431215
0.757352105,0.001868043,0.724213643,0.049205739,-0.635832248,-1,5.922560499
0.287273932,-0.967356368,-0.453174518,1,-0.812060175,-1,3.5957795
1,1,-0.127823338,0.452617922,1,-0.657566514,0.136062173
-1,0.256966984,-0.067507614,-1,-0.379067726,-1,1.276247575
0.764329644,0.502850743,1,0.501789203,-0.290246989,-0.320258788,1.483682693
0.518046339,-0.237583806,1,1,-0.98780689,0.907883439,0.318086376
0.664129205,1,-0.414039494,1,-0.996080774,-0.343855211,6.289869957
-0.855385931,-0.767146352,-1,0.67260032,-1,-1,-0.650340201
0.310391862,0.545686218,0.173284067,-0.220246413,-0.371433103,-0.695258753,1.150990972
-0.974406867,0.931817775,-1,0.415094747,0.820764033,1,12.71395946
-1,-1,-1,-0.013542001,0.155089957,0.836531133,1.268255816
0.539486642,0.613574666,0.275741008,-0.443610238,-0.961513585,-0.752673584,2.360524376
-0.400204251,-0.60340726,-1,-0.805474285,0.98686211,0.026482571,-0.810037737
-0.051588067,-0.548471543,0.114460556,0.841228999,1,1,5.371328103
0.195790522,0.017580984,-1,-0.071063484,0.251015951,0.663186919,2.501358813
-0.013172761,-0.720493856,-0.624060632,-1,-0.294955082,-0.30080277,0.555787562
0.425616415,-0.153801863,0.585792097,-0.261467056,-1,-1,4.162888489
-0.470126564,-1,-0.312095984,-1,1,1,1.357984169
-0.638873012,-1,0.201375996,-0.428456764,-0.350318342,-1,5.17486702
0.311004346,0.917427074,-0.941724205,0.285623527,-1,-0.925925221,3.764711518
-0.879199419,-0.788376932,0.003327519,-0.515512337,0.384989616,0.086279172,1.105089932
1,1,0.274940751,0.511078837,-1,-0.099641283,4.050611908
1,1,0.783171768,-0.195219053,-0.178600897,1,-0.619951037
-0.096774948,-0.761764789,-1,-1,-0.066427724,-1,3.795779927
-0.4451321,-1,0.009877136,0.455720837,0.208000487,0.168452861,0.670829667
0.261288016,1,0.185933323,1,-0.052800425,0.008555656,-0.04436247
0.920980402,0.617368668,0.651411985,-0.370391713,0.356390858,-0.100282579,-1.086418895
-0.554915474,-1,-0.51880154,-0.279430325,-1,-0.142159481,-2.181393039
-1,-0.418145441,-1,-0.559706233,-0.352211438,0.114670337,-2.317512816
0.575766576,1,1,0.590173242,-0.101644179,-0.298709883,-1.277873069
-1,-1,0.27282922,-0.113365911,-0.79382134,0.736742045,-2.861802702
-0.185151249,0.265139044,-1,0.386986785,1,0.64808039,3.365593127
0.6527766,0.373329242,0.508880968,0.364723647,-1,0.84715013,2.827440505
0.050173852,-0.593025945,0.205720442,0.067675126,-1,-0.070892131,1.007492658
-1,-1,-0.898454469,-0.970575523,0.653210154,0.412809333,-6.890595701
-0.515475546,-1,1,-1,-0.9284978,-0.537815094,6.413358822
-0.364060445,-0.423663683,-1,-0.815794892,-0.303930524,0.223658019,-0.816277424
0.12893899,0.120310792,0.602548522,1,0.151131258,1,0.83671101
0.027334011,-0.498675973,-0.101511153,-0.227959424,0.816813961,0.080597526,-0.754790742
-0.096297531,1,0.670176926,-0.610126273,-0.521281332,-0.665478875,-1.278899221
-0.951978852,-0.041582295,-1,0.232580476,0.431831495,0.726957595,3.647761032
0.21609058,-0.705985231,0.386876046,-0.283182567,-0.172378617,0.625399119,-0.019119392
-0.294519746,0.962052628,-0.464088288,-0.137342992,-0.305287573,-0.615833475,0.144092932
-0.671349577,-0.585494077,-0.970993411,-1,0.780766415,1,3.936829039
-0.027656939,-1,-0.749157125,-1,0.649152224,1,-1.532233232
-0.30075438,-0.151062356,0.069850188,-1,-0.934455447,-0.609750717,1.353320891
-0.290520827,-1,-0.439763891,-0.315238902,-1,-0.797801396,2.464759105
-0.962943151,-0.300063773,-0.018212584,-1,-0.094195567,-1,3.49359503
-0.899544298,-0.324635093,-0.958688396,-1,1,0.454542235,0.062918494
0.527180434,-0.297781191,1,0.823545524,-0.364140444,-0.161994197,0.741631244
1,1,0.101693522,1,-0.058865183,-1,7.045823142
-0.876495277,-0.844891979,-0.32368236,-0.738938686,1,-0.856773484,5.838522305
0.264999096,0.024545487,-0.997753745,-1,1,0.324965877,-0.1455849
-0.780107779,-0.327102837,0.304301319,0.41317321,1,0.828556831,2.538821907
1,0.746229537,0.442606535,1,-0.141461766,0.29449503,-0.410430918
0.257978401,0.015955531,-0.079595674,-0.192698457,-0.245781644,-0.048432155,0.486215292
-1,-0.618515615,-1,-0.593247237,-1,-0.226447529,-2.854006762
-0.749781787,-1,-0.657671563,-1,-1,-0.606004032,2.154695417
0.773653214,0.218822355,1,-0.032309301,1,-0.734382884,-2.120186194
-0.096150041,0.933473348,-0.795176297,-0.766452985,-0.147561281,-0.690810381,0.599533437
-1,-0.77328123,-1,-0.48227484,-1,-0.054020821,-4.475922457
-0.003562963,-0.265360464,-0.19752721,-1,1,0.178326918,0.582132793
-0.422958646,-0.007755456,-0.282189777,0.118404736,-1,-1,0.5448087
-0.587430763,-0.472602482,-1,-1,1,0.568822385,0.502903754
-0.131635689,0.492335258,0.347365209,0.575329662,0.795901236,1,3.120232724
-0.058822477,-0.018552888,0.976317263,-0.882730371,-0.88696368,0.584412258,-1.316064794
-1,-1,-0.71114467,0.046965024,-1,-1,-0.596216054
-1,-0.767016888,-0.694069853,-0.34329481,0.539527526,-0.305137902,0.275883757
1,0.569427854,0.34885218,0.710865357,1,-0.475275513,-0.993473921
-1,-0.025214942,-0.446936082,1,-0.248594116,-1,2.589622969
1,0.620531459,0.234887707,-1,1,0.981238454,3.132416109
-0.890659543,-0.160768473,-1,-1,0.32217515,-0.151368123,-1.449138638
0.053160872,0.0530283,1,-0.2740802,-0.662801774,0.610792203,-2.46478705
0.72449258,1,0.499648548,-0.092946646,-0.880050888,-0.181032968,1.062336719
-1,0.07136089,0.480912868,0.951089633,0.545916051,-1,3.878541331
0.489169075,-1,-0.675605751,0.182618021,-0.360187495,-0.318650705,-0.526794128
1,0.113979421,0.777899245,-0.504749782,-1,-0.984623828,7.864365493
-1,-0.313805674,-0.040837662,-0.926924432,-0.226306427,-0.526654353,0.342042811
0.420248353,1,0.400307172,0.2913552,0.42199197,0.266346345,-1.965989393
-0.700882162,-0.041913248,-1,-0.487524538,-0.205168906,-0.8046223,1.840819214
0.53464912,1,0.893601257,1,0.371979145,0.85391672,-5.241991957
0.031286797,-0.201393661,-0.078405045,-0.246288775,-0.141052764,-1,2.901832587
0.805614799,0.297669032,0.926366099,0.747214683,1,0.320348439,-4.044033738
-1,-0.029304827,-1,-0.02087447,-0.331025924,-1,5.165752028
1,1,-0.224933104,1,0.025626825,0.242837152,0.601080054
-0.270568034,-0.842017511,-0.838146617,-0.350292225,0.646991916,0.507618114,-0.32214661
1,0.579235354,1,1,-0.722967542,-1,7.160346471
-0.074646097,-1,-1,-1,0.288332361,-0.255473257,-3.673536959
-0.289205525,0.153366368,-0.080067629,0.963377937,1,0.24671766,2.00961735
0.33757721,-0.734355711,0.502595458,1,-0.632753107,-1,4.360271706
-0.417354347,-1,0.731461918,0.762174907,-0.00961675,0.213271188,0.602976265
-0.238519086,-1,-0.163228034,-1,0.818392831,-0.728290083,2.691002266
-1,-0.977498187,-1,-0.62525168,0.344677074,1,1.132569767
0.597049332,0.362043816,-0.668644641,0.395566327,0.560601393,-0.006086286,-1.511593366
0.216608956,-0.899094776,-0.633738629,-0.7431054,-0.283498404,-0.739594703,2.089060733
-0.008512207,0.277051816,0.385641991,0.029057292,-0.385963055,-1,2.91541931
1,-0.465477656,0.819503623,0.408253334,1,1,-3.873496712
0.215181757,-0.50049182,0.263439673,-0.367012736,1,0.943568957,0.631705606
-0.812576808,-0.202856186,-0.953338888,-1,-0.47954866,-1,2.997049613
1,-0.606334077,1,0.230033827,0.119444061,1,-3.365941478
0.90081898,-1,1,-1,0.193383916,1,-4.353060568
0.419507876,-0.371287648,-1,-1,0.411430055,0.389392547,-1.282159145
-0.054706847,-1,-0.427769795,-1,-0.451197769,-0.845599521,3.204480962
-0.99137125,-0.599904487,-0.192006488,-0.18421172,0.550222351,-0.322976345,1.685471357
1,1,0.559596671,-0.193817717,-1,-1,5.796381182
1,1,0.954378056,0.734850521,0.847952215,0.314689918,-6.816428909
0.159324914,1,0.303338488,0.723478349,0.129086122,-0.514724482,0.364166206
-0.713568193,1,-0.24532986,-0.012849251,-1,-0.709353721,-1.913717232
0.197071181,-0.054675598,-0.208949604,-0.328069739,-0.030935478,1,3.961572512
-1,-0.572007195,0.981590874,-0.620250559,0.796811894,1,-2.540846476
0.549549122,0.296033266,1,1,0.351636122,0.180096999,-2.22044924
0.934675405,-0.382927341,0.983694266,0.857324736,-0.755233673,0.501694877,2.038038462
0.37762467,0.666993056,0.147361036,-1,0.807794029,0.364313165,1.133175988
-0.92264078,-1,0.157870404,-0.029961338,-0.713173727,1,-0.63784653
1,0.366180145,0.674557374,-0.415898888,-0.414993841,0.44850272,0.892770084
-1,-1,-0.6597659,-1,0.091618519,-0.051209284,-4.496369076
-0.8900614,-0.617958465,0.746721811,-0.561994217,-0.121896146,0.686531186,-2.479102113
0.207776266,-0.668050766,0.041890238,1,-0.896442074,-0.425053936,2.74018453
-0.078049395,1,0.822754946,0.515323945,0.425129919,0.354085906,-3.084458656
0.181771655,0.232965563,-0.33754565,-0.771850123,0.866477329,0.667280618,1.003495203
0.368355925,-1,-1,-1,0.903622637,0.922103926,-2.985169741
1,1,1,0.526612468,-0.06667277,-0.782258147,0.930400524
-1,-1,0.86500368,0.440050391,1,1,1.708658924
-0.655397317,-1,-0.076158489,-0.684356067,-0.121313597,-0.284053191,-0.243663703
0.186306366,-1,-1,0.085759299,1,0.497304168,-1.93318454
0.362059233,-0.167563074,-0.911904439,0.189238665,-0.157856859,-0.247812785,-0.22503115
-0.374771414,-0.508525597,-0.254669869,-0.418403184,0.150749342,-0.698620096,1.678532573
-0.980763297,-1,-1,0.431241924,0.372186514,0.299634975,-3.892681335
0.043803946,0.793561913,-0.664108062,0.809190399,1,0.800514257,3.912443605
1,1,0.072373763,1,-0.448921743,0.971692679,5.202475637
0.357824481,-0.683733572,-0.602117899,1,0.43052317,0.743460468,0.829912204
-1,-0.817736016,-1,-1,1,1,2.086454892
-0.298271036,-0.643016498,-1,-1,0.310310167,-0.332741145,-2.381103712
0.206762745,-1,-0.601376717,-0.800566018,-1,-0.937044871,5.25843763
0.010384452,0.375451569,0.473596603,-0.503095267,-0.358608331,-1,2.605305555
-1,0.491680991,-0.526381402,0.052730874,-0.52625085,-0.969626727,1.779285545
0.593132164,-1,0.36944741,-0.651361666,0.256227432,1,-0.117620646
0.568612275,0.699460959,-1,0.088409612,0.570842083,0.031941967,-1.098127209
-0.061445175,-0.163489926,-0.083380576,0.614030297,0.171495356,1,2.900215334
0.013515452,0.202044908,0.579044332,0.343743241,-1,0.140050187,-1.568819865
-0.595543716,0.553028527,-0.69266068,0.804381863,-0.145525048,-0.105673186,-0.412635704
-0.499198533,0.971131986,-1,-0.597711918,0.128901221,1,11.8015931
0.57850144,-1,-0.461913616,-0.279720432,1,1,-1.691923629
1,-0.189640613,0.592570404,0.349553931,-1,-0.054436815,3.868735288
-0.820273637,0.653226463,-0.663375545,0.597210798,-0.889590064,-1,0.987550334
-0.118753652,1,0.173063163,0.533545998,0.526697577,1,2.753135587
-1,0.370549302,1,-1,-0.023420073,0.753915595,-3.201784817
0.007185738,0.892810961,1,1,-0.486830635,0.514252557,-3.288321135
-0.720008786,0.698225915,-0.453744657,-1,1,0.136779498,4.074665655
-1,-0.509602139,-1,-1,1,1,5.470028105
0.437420039,1,0.592326699,0.536879812,1,0.541611376,-2.535867762
0.513948982,0.447190667,-0.071528237,0.269244757,0.618110134,-0.149043365,-1.20561966
-0.862255541,0.043367832,0.260492635,1,-1,-0.28263976,-0.632083855
0.050440865,0.971378026,0.6021184,0.833949371,0.259082422,-1,1.766004043
1,0.28288657,0.689153764,0.598495616,1,1,-2.057686956
0.098667156,0.089989852,-0.777226141,-1,0.398514589,0.863090034,3.393637914
-1,-0.869082477,1,-0.085041185,-0.449002322,1,-3.594407886
1,0.455613757,0.47928339,-0.341991427,1,-0.57041476,-1.23650845
-1,-0.23836023,-1,0.235379879,-0.203708604,-0.70841953,2.247141782
1,1,0.809899624,0.878054722,1,0.59471583,-7.862880141
1,1,0.800676628,0.020465355,0.557282674,-0.212725254,-3.211010996
-0.831582896,-0.022090547,-1,-1,0.923799059,0.563539841,0.742038138
-0.196517483,-0.750650539,-1,-0.67205289,-1,0.461021784,0.304931123
-1,0.305703681,0.337002877,0.535155807,-0.80471422,-0.478148331,-0.780902964
0.716309948,1,-0.425379952,0.762844951,0.934338258,1,3.157881037
0.255423237,-0.413046966,-1,-1,0.181360018,-0.586482217,0.173115365
-1,-1,-0.587001989,-1,0.715091998,-0.268808211,-1.628176528
0.825597799,0.209977234,1,1,-0.279772196,-1,3.22306115
0.974400237,-1,-1,-0.901314417,-0.19283086,-0.327907723,1.828296152
-1,-0.348562666,0.973981532,-0.659708443,1,0.659887216,-2.146823618
-0.47209806,-1,0.260188016,-1,-1,-0.558178563,6.976370132
0.653892258,0.544754707,-0.346153124,0.536872318,0.601399796,-0.542099037,-0.092661248
-1,-1,-0.503980085,-0.083525149,1,-0.266261611,1.280787632
-1,-0.59163532,-1,-0.164397408,0.017838957,1,5.103403501
-0.75827772,-0.371176891,-0.338762465,-0.31135441,-0.293844939,-0.590375804,0.651614329
-1,0.264876798,0.417875299,-0.111873611,0.268839081,0.069081543,-0.55809524
1,0.665024506,0.348652248,1,-1,-0.091320584,4.855157268
-0.855430042,-0.424013122,-1,-0.631249322,1,0.078036822,-1.09309873
1,1,0.178632563,0.456650392,-0.219489754,0.568424136,1.640594421
-1,0.172451312,-0.675789305,-0.756674278,-0.140461356,-0.56920808,0.841350255
0.752420356,1,0.050068019,0.227933221,1,1,2.163027482
-0.498398116,-0.595481703,-0.234571052,0.27810143,-0.29832991,0.358781918,0.448257494
-0.600230711,-0.443954826,0.562108025,0.003990199,-1,-0.521296586,-0.177309402
0.058736971,1,0.224893147,-0.845612727,-0.616815216,0.608754337,3.833468088
0.014805015,-0.444897757,0.708650816,-0.943310432,-1,-0.624723399,3.936060934
1,1,-0.450651329,0.415804547,1,0.90124837,2.400949609
-0.12790971,-1,-0.365338415,-0.301533796,-0.814750287,1,2.014753264
-0.459317393,-1,-0.658220642,-1,0.331583246,0.648655619,-3.553289589
0.238510679,-0.535627673,-0.140900927,0.719366369,0.141873779,1,4.468840811
0.712628581,0.389134242,1,1,-0.571710708,0.837433548,-1.099767997
-0.138271488,-0.731117009,-1,0.404627912,-0.63805274,-0.374562619,-2.013341146
1,0.897997912,1,1,-0.616041195,-0.438692681,3.478142764
-0.966109125,-0.810194925,-0.138285122,-0.716249824,-1,-1,2.669860629
0.442742029,1,0.06228169,0.457439191,-0.477943878,-1,3.435377711
